published_at,source,category,title,content,tags,url
05/31/2026 08:19,vietnamnet.vn,the-thao,Lịch thi đấu bóng đá hôm nay 30/5: Chung kết Cúp C1 đá giờ đẹp,"Lịch thi đấu bóng đá hôm nay 30/5/2026 - Cung cấp lịch thi đấu bóng đá trong nước và quốc tế hấp dẫn đêm nay, rạng sáng mai.","",https://vietnamnet.vn/lich-thi-dau-bong-da-hom-nay-30-5-2520693.html
05/31/2026 02:10,vietnamnet.vn,the-thao,Kết quả bóng đá hôm nay 30/5: Chờ chung kết C1 bùng nổ,Kết quả bóng đá hôm nay 30/5/2026 - Cập nhật kết quả các trận đấu bóng đá trong nước và quốc tế diễn ra đêm qua và rạng sáng nay.,"",https://vietnamnet.vn/ket-qua-bong-da-hom-nay-30-5-2520696.html
05/31/2026 06:30,vietnamnet.vn,suc-khoe,"3 loại nước giải nhiệt mùa hè rất tốt, người muốn giảm cân cũng uống được","Mùa hè nắng nóng khiến cơ thể dễ mất nước, mệt mỏi. Tiến sĩ, lương y Phùng Tuấn Giang gợi ý 3 thức uống giải nhiệt hiệu quả, thơm ngon và rất an toàn cho cả người đang giảm cân.","",https://vietnamnet.vn/3-loai-nuoc-giai-nhiet-mua-he-rat-tot-nguoi-muon-giam-can-cung-uong-duoc-2521007.html
05/31/2026 05:15,vietnamnet.vn,suc-khoe,"Từ cơn đau vai gáy tưởng vô hại, cô gái 22 tuổi gặp biến cố 5 lần mổ não","Ở tuổi 26, chị Đinh Thị Lợi đã trải qua 5 cuộc mổ não, nhiều lần đối diện biến chứng nhiễm trùng nhưng vẫn không cho phép bản thân gục ngã vì nghĩ đến gia đình và tương lai còn dang dở phía trước.","",https://vietnamnet.vn/tu-con-dau-vai-gay-tuong-vo-hai-co-gai-22-tuoi-gap-bien-co-5-lan-mo-nao-2520564.html
05/31/2026 07:17,vietnamnet.vn,bat-dong-san,‘Cắt góc’ cao ốc sát sông Tô Lịch để làm đường; ‘cuộc chơi&amp;apos; mới của nhà ở Hà Nội,"Bất động sản tuần qua nổi bật với tin tức về việc phát triển khu đô thị đa mục tiêu ở Hà Nội; Bên trong khu tái định cư 3.790 căn hộ ở Thủ Thiêm bị bỏ hoang suốt một thập kỷ; ‘Cắt góc’ cao ốc sát sông Tô Lịch để làm đường Vành đai 2,5.","",https://vietnamnet.vn/cat-goc-cao-oc-sat-song-to-lich-de-lam-duong-cuoc-choi-moi-cua-nha-o-ha-noi-2521058.html
05/31/2026 05:45,vietnamnet.vn,bat-dong-san,"Đặt cọc mua nhà gần 5 tỷ, người phụ nữ ở TPHCM mới phát hiện nhà xây sai phép","Sau khi đặt cọc 150 triệu đồng để mua căn nhà gần 5 tỷ đồng tại TPHCM, người phụ nữ phát hiện căn nhà xây dựng trái phép, không đúng giấy tờ. Giao dịch mua bán không tiếp tục được, việc đòi lại tiền cọc cũng không hề dễ dàng.","",https://vietnamnet.vn/dat-coc-mua-nha-gan-5-ty-nguoi-phu-nu-o-tphcm-moi-phat-hien-nha-xay-sai-phep-2512022.html
05/31/2026 05:45,vietnamnet.vn,bat-dong-san,"Qua một cây cầu tới quận 1, giá căn hộ khu này tăng chóng mặt","Chỉ cách quận 1 một dòng kênh, quận 4 từng là lựa chọn “giá mềm” cho người muốn sống gần trung tâm. Nhưng nay, giá căn hộ tại đây đã tăng vọt, nhiều dự án chạm ngưỡng 150 triệu đồng/m2, thậm chí ngang ngửa khu lõi TPHCM.","",https://vietnamnet.vn/qua-mot-cay-cau-toi-quan-1-gia-can-ho-khu-nay-tang-chong-mat-2520599.html
05/31/2026 05:53,vietnamnet.vn,oto-xe-may,Xe sang BMW cổ tại Việt Nam: Vẻ đẹp cổ điển đi cùng thời gian,"Tại thị trường Việt, BMW cổ luôn mang sức hút riêng với những người yêu cảm giác lái và cơ khí thuần túy. Từ những chiếc xe từng bị lãng quên đến hành trình phục dựng tiền tỷ, BMW cổ đang dần hồi sinh như những di sản chuyển động của ngành ô tô.","",https://vietnamnet.vn/o-to-bmw-co-tai-viet-nam-ve-dep-co-dien-di-cung-thoi-gian-2521097.html
05/31/2026 06:00,vnexpress.net,thoi-su,Những 'đất liền thu nhỏ' giữa Trường Sa,"Từ rạn đá khô cằn, Trường Sa ngày nay được phủ xanh bởi nhiều loại cây cối do người dân và bộ đội chăm sóc. Nhịp sống trên nhiều đảo giống như \"những đất liền thu nhỏ\" giữa biển khơi.","",https://vnexpress.net/nhung-dat-lien-thu-nho-giua-truong-sa-5080002.html
05/31/2026 05:00,vnexpress.net,thoi-su,"Đề xuất mở rộng vùng kiểm soát xe xăng, dầu ở TP HCM","Đơn vị tư vấn đề xuất triển khai vùng phát thải thấp trong toàn bộ khu vực bên trong Vành đai 2, thay vì chỉ áp dụng ở khu vực trung tâm TP HCM.","",https://vnexpress.net/de-xuat-mo-rong-vung-kiem-soat-xe-xang-dau-o-tp-hcm-5080036.html
05/31/2026 04:00,vnexpress.net,thoi-su,Di tích nhà Ngô Đình Cẩn vẫn hoang phế,"Được công nhận di tích quốc gia từ năm 1993, song di tích nhà Ngô Đình Cẩn ở phường An Cựu vẫn nằm trong cảnh hoang phế, nhiều hạng mục xuống cấp.","",https://vnexpress.net/di-tich-nha-ngo-dinh-can-van-hoang-phe-5079462.html
05/31/2026 00:21,vnexpress.net,thoi-su,Hiện trạng bờ sông Hồng trước quy hoạch đại lộ cảnh quan,"Ngoài đê sông Hồng, đoạn qua trung tâm Thủ đô, nhà cửa ken đặc, kéo dài từ chân đê ra sát bờ sông; đoạn qua xã Mê Linh là vùng trồng hoa màu nổi tiếng.","",https://vnexpress.net/hien-trang-bo-song-hong-truoc-quy-hoach-dai-lo-canh-quan-5073969.html
05/31/2026 00:00,vnexpress.net,thoi-su,Trung Quốc phô diễn sức mạnh trong đêm khai mạc lễ hội pháo hoa,"Đương kim vô địch đến từ Trung Quốc đã mang đến màn trình diễn đỉnh cao, mở màn cho Lễ hội pháo hoa Đà Nẵng 2026, tối 30/5.","",https://vnexpress.net/trung-quoc-pho-dien-suc-manh-trong-dem-khai-mac-le-hoi-phao-hoa-5080167.html
05/31/2026 00:00,vnexpress.net,thoi-su,Đồng Nai xây mới 43 km đường nối xây bay Long Thành,"Đường 770B rộng 6-8 làn xe, tổng vốn đầu tư khoảng 4.600 tỷ đồng, kết nối sân bay Long Thành với các khu công nghiệp và tuyến giao thông trọng điểm.","",https://vnexpress.net/dong-nai-xay-moi-43-km-duong-noi-xay-bay-long-thanh-5079985.html
05/31/2026 00:00,vnexpress.net,thoi-su,Hiện trạng hơn 7 km đường ven sông Sài Gòn sắp mở rộng 6 làn,"Khoảng 7,4 km đường ven sông qua Bình Dương cũ sẽ được mở rộng với tổng vốn 9.400 tỷ đồng, hình thành trục giao thông lớn song song quốc lộ 13, góp phần giảm ùn tắc khu vực.","",https://vnexpress.net/hien-trang-hon-7-km-duong-ven-song-sai-gon-sap-mo-rong-6-lan-5079258.html
05/31/2026 08:00,vnexpress.net,the-gioi,Bà Ngô Phương Ly thăm lớp tiếng Việt tại Singapore,"Bà Ngô Phương Ly, phu nhân Tổng Bí thư, Chủ tịch nước, thăm lớp tiếng Việt Lạc Hồng ở Singapore, đánh giá đây là cách để gìn giữ bản sắc văn hóa và tiếng mẹ đẻ.","",https://vnexpress.net/ba-ngo-phuong-ly-tham-lop-tieng-viet-tai-singapore-5080197.html
05/31/2026 06:46,vnexpress.net,the-gioi,Iran nói Mỹ đồng ý 'rã băng' 12 tỷ USD trong dự thảo thỏa thuận,Truyền hình nhà nước Iran đưa tin dự thảo thỏa thuận với Mỹ bao gồm điều khoản Washington giải phóng 12 tỷ USD tài sản đóng băng cho Tehran.,"",https://vnexpress.net/iran-noi-my-dong-y-ra-bang-12-ty-usd-trong-du-thao-thoa-thuan-5080193.html
05/31/2026 05:00,vnexpress.net,the-gioi,Mạng lưới UAV giúp Ukraine cầm chân Nga,"Tấn công sâu, phá hậu cần và giám sát chiến trường, UAV đang trở thành trụ cột trong chiến lược phòng thủ của Ukraine và giúp cản đà tiến quân của Nga.","",https://vnexpress.net/mang-luoi-uav-giup-ukraine-cam-chan-nga-5079935.html
05/31/2026 01:00,vnexpress.net,the-gioi,Hoài nghi với tương lai đội chiến hạm 60 tỷ USD của Mỹ,"Lực lượng tàu chiến đấu ven biển Mỹ, vốn bị chê là nhiều lỗi và lãng phí, đối mặt tương lai bất định sau khi biên chế chiếc cuối cùng.","",https://vnexpress.net/hoai-nghi-voi-tuong-lai-doi-chien-ham-60-ty-usd-cua-my-5079324.html
05/31/2026 00:45,vnexpress.net,the-gioi,Việt Nam - Singapore là đối tác đi đầu ASEAN về hợp tác trong lĩnh vực mũi nhọn,"Lãnh đạo Việt Nam và Singapore đánh giá hai nước là đối tác đi đầu ASEAN về hợp tác trong các lĩnh vực mũi nhọn như chuyển đổi số, khoa học công nghệ, trung tâm tài chính.","",https://vnexpress.net/viet-nam-singapore-la-doi-tac-di-dau-asean-ve-hop-tac-trong-linh-vuc-mui-nhon-5080166.html
05/31/2026 07:09,vnexpress.net,kinh-doanh,Các công ty chứng khoán thu kỷ lục từ cho vay,Không phải ngân hàng nhưng các công ty chứng khoán liên tục mở rộng mảng cho vay và ghi nhận doanh thu kỷ lục hơn 11.200 tỷ đồng trong quý I.,"",https://vnexpress.net/cac-cong-ty-chung-khoan-thu-ky-luc-tu-cho-vay-5079977.html
05/31/2026 06:51,vnexpress.net,kinh-doanh,Ngân hàng không phải tính dư nợ tăng thêm với nhà xã hội,"Khi cho vay nhóm nhà ở xã hội, khu công nghiệp và khu chế xuất, 25 ngân hàng thương mại sẽ không phải tính phần dư nợ tín dụng tăng thêm.","",https://vnexpress.net/ngan-hang-khong-phai-tinh-du-no-tang-them-voi-nha-xa-hoi-5080188.html
05/31/2026 06:33,vnexpress.net,kinh-doanh,Biển Chết đang chết dần vì biến đổi khí hậu,"Từng hút khách một thời, resort bên bờ Biển Chết nay hoang tàn bên những hố sụt khổng lồ, còn bờ biển cứ rút mãi xa khi vùng nước này mất một phần ba diện tích.","",https://vnexpress.net/bien-chet-dang-chet-dan-vi-bien-doi-khi-hau-5080070.html
05/31/2026 00:39,vnexpress.net,kinh-doanh,Catnomics - nền kinh tế mèo tỷ USD ở Nhật bản,"Ngành công nghiệp chăm sóc thú cưng, du lịch, tiếp thị... liên quan đến mèo tại Nhật Bản dự báo đạt quy mô 18,8 tỷ USD năm nay.","",https://vnexpress.net/catnomics-nen-kinh-te-meo-ty-usd-o-nhat-ban-5080053.html
05/31/2026 06:41,vnexpress.net,kinh-doanh,Ông lớn nhà hàng Mỹ tính bán chuỗi Pizza Hut vì kinh doanh khó khăn,Yum Brands đang đàm phán thương vụ bán chuỗi nhà hàng Pizza Hut cho công ty đầu tư LongRange Capital.,"",https://vnexpress.net/ong-lon-nha-hang-my-tinh-ban-chuoi-pizza-hut-vi-kinh-doanh-kho-khan-5080154.html
05/31/2026 08:24,vnexpress.net,the-thao,Luis Enrique: 'Arsenal cũng xứng đáng nếu đăng quang',"Sau khi thắng 4-3 ở loạt luân lưu chung kết Champions League 2026, HLV Luis Enrique bày tỏ sự tôn trọng với Arsenal và hết mực ca ngợi nỗ lực của cầu thủ PSG.","",https://vnexpress.net/luis-enrique-arsenal-cung-xung-dang-neu-dang-quang-5080201.html
05/31/2026 07:27,vnexpress.net,the-thao,Arsenal bị các kình địch chế giễu sau chung kết Champions League,"Các đại diện Man City, Chelsea, Tottenham hay Crystal Palace đồng loạt đăng bài hả hê sau khi Arsenal thua PSG ở loạt luân lưu chung kết Champions League 2025-2026.","",https://vnexpress.net/arsenal-bi-cac-kinh-dich-che-gieu-sau-chung-ket-champions-league-5080195.html
05/31/2026 06:33,vnexpress.net,the-thao,4 tranh cãi quanh trận PSG thắng Arsenal ở chung kết Champions League,"Trên báo Pháp L’Équipe, cựu trọng tài FIFA Said Ennjimi mổ xẻ các tình huống gây tranh cãi trong trận chung kết Champions League 2025-2026, nơi PSG vượt qua Arsenal với tỷ số 4-3 trên loạt sút luân lưu.","",https://vnexpress.net/4-tranh-cai-quanh-tran-psg-thang-arsenal-o-chung-ket-champions-league-5080192.html
05/31/2026 05:55,vnexpress.net,the-thao,Arteta: 'Thật nghiệt ngã cho Arsenal',HLV Mikel Arteta cảm thấy đau đớn khi Arsenal mở tỷ số nhưng sau đó thua PSG ở loạt luân lưu chung kết Champions League 2025-2026.,"",https://vnexpress.net/arteta-that-nghiet-nga-cho-arsenal-5080191.html
05/31/2026 05:34,vnexpress.net,the-thao,Rice bảo vệ hai cầu thủ sút hỏng luân lưu của Arsenal,"Tiền vệ Declan Rice đau đớn khi Arsenal thua PSG ở chung kết Champions League, nhưng không muốn đổ lỗi cho Gabriel và Eberechi Eze - những người đá hỏng luân lưu.","",https://vnexpress.net/rice-bao-ve-hai-cau-thu-sut-hong-luan-luu-cua-arsenal-5080190.html
05/31/2026 02:25,vnexpress.net,the-thao,"Platini: 'Mbappe không nên dính vào chính trị, kẻo mất lòng nửa thế giới'","Trên đài phát thanh Pháp RTL, huyền thoại bóng đá Pháp Michel Platini bảo vệ những phát ngôn của Kylian Mbappe, nhưng vẫn khuyên hậu bối không nên dính vào chính trị.","",https://vnexpress.net/platini-mbappe-khong-nen-dinh-vao-chinh-tri-keo-mat-long-nua-the-gioi-5079832.html
05/31/2026 02:13,vnexpress.net,the-thao,Thầy bói đoán Bồ Đào Nha vô địch World Cup 2026,"Michael Bruno, người từng đoán đúng ba nhà vô địch World Cup liên tiếp, cho rằng Cristiano Ronaldo và các đồng đội sẽ đăng quang ở đại hội năm nay.","",https://vnexpress.net/thay-boi-doan-bo-dao-nha-vo-dich-world-cup-2026-5079901.html
05/31/2026 06:00,vnexpress.net,phap-luat,"Thoát lao lý, cựu hiệu trưởng ở Cà Mau nói về 'bài học đắt giá'","Sau gần hai năm vướng lao lý, cựu hiệu trưởng Trần Văn Tâm cho rằng những gì đã trải qua là “bài học rất đắt giá” trong cuộc đời và công việc quản lý.","",https://vnexpress.net/thoat-lao-ly-cuu-hieu-truong-o-ca-mau-noi-ve-bai-hoc-dat-gia-5080103.html
05/31/2026 00:00,vnexpress.net,phap-luat,"Lao động nữ nghỉ 6 tháng thai sản, có bị mất 6 ngày phép năm?","Thông thường mỗi năm tôi được nghỉ 12 ngày phép năm. Tuy nhiên, năm nay tôi nghỉ thai sản 6 tháng vì vừa sinh con vào giữa tháng 4/2026.","",https://vnexpress.net/lao-dong-nu-nghi-6-thang-thai-san-co-bi-mat-6-ngay-phep-nam-5079277.html
05/31/2026 08:03,vnexpress.net,giao-duc,Đề thi lớp 10 TP HCM được điều chỉnh độ khó,"Đề thi lớp 10 vẫn theo hướng mở, đòi hỏi vận dụng thực tiễn, song sẽ được điều chỉnh độ khó để phù hợp với lứa học sinh đầu tiên của TP HCM sau sáp nhập, theo Giám đốc Sở Giáo dục.","",https://vnexpress.net/giam-doc-so-tp-hcm-noi-ve-thay-doi-de-thi-lop-10-tp-hcm-nam-2026-5079786.html
05/31/2026 06:59,vnexpress.net,giao-duc,Thí sinh thong thả trước giờ thi môn Toán,"Thí sinh đến buổi thi Toán trong tiết trời dịu mát, nhiều em thong thả hơn vì đã quen địa điểm. Đây là môn cuối với nhóm chọn hệ đại trà, khép lại kỳ thi lớp 10 đông kỷ lục.","",https://vnexpress.net/thi-sinh-lam-bai-thi-toan-thi-lop-10-ha-noi-sang-31-5-5080145.html
05/31/2026 08:00,vnexpress.net,suc-khoe,Những em bé bệnh nặng đón Tết thiếu nhi trong viện,"Không đi chơi hay sum họp gia đình, hàng nghìn trẻ điều trị tại Bệnh viện Nhi Trung ương đón 1/6 bên bác sĩ, điều dưỡng và bạn cùng cảnh ngộ.","",https://vnexpress.net/nhung-em-be-benh-nang-don-tet-thieu-nhi-trong-vien-5080174.html
05/31/2026 07:00,vnexpress.net,suc-khoe,3 dấu hiệu trên khuôn mặt có thể cảnh báo tim không khỏe,"Ba dấu hiệu trên khuôn mặt cảnh báo nguy cơ mắc bệnh tim mạch là nếp nhăn chéo ở thùy tai, nếp nhăn dọc tại ấn đường và nếp nhăn ngang gốc mũi.","",https://vnexpress.net/3-dau-hieu-tren-khuon-mat-co-the-canh-bao-tim-khong-khoe-5079802.html
05/31/2026 07:00,vnexpress.net,suc-khoe,Ăn gì thường xuyên có thể sống thọ?,"Ngũ cốc nguyên hạt, các loại rau họ cải và cá béo đều giàu chất xơ, omega-3 có tác dụng giảm viêm, ổn định đường huyết, cải thiện xương khớp khi già.","",https://vnexpress.net/an-gi-thuong-xuyen-co-the-song-tho-5077327.html
05/31/2026 06:00,vnexpress.net,suc-khoe,10 thói quen sinh hoạt phổ biến âm thầm hủy hoại thận,"Nhằm giúp người dân chủ động phòng ngừa bệnh thận mạn tính, các bác sĩ chuyên khoa cảnh báo 10 thói quen độc hại hàng ngày có thể dẫn đến nguy cơ suy thận.","",https://vnexpress.net/10-thoi-quen-sinh-hoat-pho-bien-am-tham-huy-hoai-than-5079683.html
05/31/2026 05:39,vnexpress.net,suc-khoe,Bác sĩ chia lá gan của người chết não để 'nhân đôi sự sống',"Từ lá gan của người đàn ông 48 tuổi chết não, các bác sĩ tách thành hai phần để ghép cho hai bệnh nhân trong đó có em bé một tuổi.","",https://vnexpress.net/bac-si-chia-la-gan-cua-nguoi-chet-nao-de-nhan-doi-su-song-5080176.html
05/31/2026 01:03,vnexpress.net,suc-khoe,Nên quan hệ bao nhiêu lần một tuần?,"Em 26 tuổi, chuẩn bị cưới vợ, được khuyên đừng quan hệ dồn dập kẻo sau này bị yếu không hồi phục. Vợ chồng mới cưới quan hệ bao nhiêu lần một tuần là vừa? (Thức, Đồng Nai)","",https://vnexpress.net/nen-quan-he-bao-nhieu-lan-mot-tuan-5079435.html
05/31/2026 00:04,vnexpress.net,suc-khoe,Bác sĩ cảnh báo sai lầm khiến thận âm thầm suy yếu,Tự dùng thuốc giảm đau hoặc thực phẩm chức năng kéo dài là những sai lầm phổ biến có thể khiến thận âm thầm suy yếu theo thời gian.,"",https://vnexpress.net/bac-si-canh-bao-sai-lam-khien-than-am-tham-suy-yeu-5079736.html
05/31/2026 06:57,vnexpress.net,suc-khoe,Lợi ích khi ăn hạt chia mỗi sáng,"Dùng hạt chia vào buổi sáng có thể giúp tăng cảm giác no, hỗ trợ tiêu hóa, bổ sung omega-3 đồng thời cung cấp năng lượng cho các hoạt động trong ngày.","",https://vnexpress.net/loi-ich-khi-an-hat-chia-moi-sang-5080085.html
05/31/2026 08:00,vnexpress.net,suc-khoe,Bị tăng huyết áp có trekking được không?,"Tôi bị tăng huyết áp, chưa dùng thuốc, đi trekking có an toàn không? (Thuận Hòa, Hải Phòng)","",https://vnexpress.net/bi-tang-huyet-ap-co-trekking-duoc-khong-5079989.html
05/31/2026 08:00,vnexpress.net,suc-khoe,Sai lầm dinh dưỡng khiến trẻ chậm phát triển,"Bỏ bữa sáng, thường xuyên dùng đồ ăn nhanh hay uống ít nước là những sai lầm phổ biến có thể cản trở sự phát triển thể chất của trẻ.","",https://vnexpress.net/sai-lam-dinh-duong-khien-tre-cham-phat-trien-5079983.html
05/31/2026 08:00,vnexpress.net,suc-khoe,Những việc không nên làm sau khi vá màng nhĩ,"Người mới vá màng nhĩ nên tránh đi máy bay, vận động gắng sức hay bơi lội vì có thể làm tăng áp lực lên tai, ảnh hưởng quá trình hồi phục.","",https://vnexpress.net/nhung-viec-khong-nen-lam-sau-khi-va-mang-nhi-5079974.html
05/31/2026 08:00,vnexpress.net,suc-khoe,Ai có thể xạ trị ung thư phổi?,"Ông tôi ung thư phổi giai đoạn hai, u ở vị trí khó, lớn tuổi nên không muốn phẫu thuật. Ông có thể xạ trị không? (Minh Tuyết, 46 tuổi)","",https://vnexpress.net/ai-co-the-xa-tri-ung-thu-phoi-5079968.html
05/31/2026 00:01,vnexpress.net,giai-tri,Cuộc sống làm mẹ đơn thân của Kim Hiền tại Mỹ,"Diễn viên Kim Hiền cho biết không còn tìm kiếm hạnh phúc riêng, tập trung đầu tư kinh doanh để có tài chính tốt nuôi hai con ở Mỹ.","",https://vnexpress.net/cuoc-song-lam-me-don-than-cua-kim-hien-tai-my-5079725.html
05/31/2026 08:16,vnexpress.net,giai-tri,Nhà Beckham tận hưởng kỳ nghỉ trên du thuyền,Vợ chồng Beckham đi nghỉ dưỡng cùng các con trên du thuyền trị giá 20 triệu USD.,"",https://vnexpress.net/nha-beckham-tan-huong-ky-nghi-tren-du-thuyen-5080100.html
05/31/2026 00:25,vnexpress.net,giai-tri,Chung kết Miss Grand All Stars bị phản ứng vì lỗi kỹ thuật,"Chung kết Miss Grand All Stars ngừng gần một giờ vì hệ thống chấm điểm và bình chọn trục trặc, khiến ban tổ chức phải xin lỗi.","",https://vnexpress.net/chung-ket-miss-grand-all-stars-bi-phan-ung-vi-loi-ky-thuat-5080147.html
05/31/2026 00:48,vnexpress.net,giai-tri,'Bố con cá gai' - ước mơ và trách nhiệm,Điều tôi trăn trở nhất khi gấp lại cuốn sách ''Bố con cá gai'' là sức mạnh của đồng tiền có thể khiến con người tha hóa.,"",https://vnexpress.net/bo-con-ca-gai-uoc-mo-va-trach-nhiem-5080173.html
05/31/2026 07:00,vnexpress.net,khoa-hoc,'Việt Nam không nên cố xây mô hình AI lớn',"Các chuyên gia quốc tế cho rằng AI hiện đã quá mạnh và ngày càng hoàn thiện, do đó Việt Nam nên tập trung vào phát triển con người.","",https://vnexpress.net/viet-nam-khong-nen-co-xay-mo-hinh-ai-lon-5080063.html
05/31/2026 05:00,vnexpress.net,khoa-hoc,Đề xuất người gửi hàng qua bưu chính sẽ phải định danh,"Dự thảo Luật Bưu chính sửa đổi đề xuất mỗi bưu gửi gắn với mã định danh riêng và thông tin người gửi, nhằm tăng khả năng truy vết trong toàn bộ quá trình, thúc đẩy bưu chính số.","",https://vnexpress.net/de-xuat-nguoi-gui-hang-qua-buu-chinh-se-phai-dinh-danh-5079454.html
05/31/2026 08:00,vnexpress.net,khoa-hoc,AI của Google đánh vần kém,"Tính năng AI Overview của Google trả lời sai những câu hỏi đánh vần hay đếm chữ cái đơn giản, cho thấy hạn chế của mô hình ngôn ngữ lớn khi xử lý từ ngữ.","",https://vnexpress.net/ai-cua-google-danh-van-kem-5079348.html
05/31/2026 07:00,vnexpress.net,so-hoa,'Việt Nam không nên cố xây mô hình AI lớn',"Các chuyên gia quốc tế cho rằng AI hiện đã quá mạnh và ngày càng hoàn thiện, do đó Việt Nam nên tập trung vào phát triển con người.","",https://vnexpress.net/viet-nam-khong-nen-co-xay-mo-hinh-ai-lon-5080063.html
05/31/2026 05:00,vnexpress.net,so-hoa,Đề xuất người gửi hàng qua bưu chính sẽ phải định danh,"Dự thảo Luật Bưu chính sửa đổi đề xuất mỗi bưu gửi gắn với mã định danh riêng và thông tin người gửi, nhằm tăng khả năng truy vết trong toàn bộ quá trình, thúc đẩy bưu chính số.","",https://vnexpress.net/de-xuat-nguoi-gui-hang-qua-buu-chinh-se-phai-dinh-danh-5079454.html
05/31/2026 08:00,vnexpress.net,so-hoa,AI của Google đánh vần kém,"Tính năng AI Overview của Google trả lời sai những câu hỏi đánh vần hay đếm chữ cái đơn giản, cho thấy hạn chế của mô hình ngôn ngữ lớn khi xử lý từ ngữ.","",https://vnexpress.net/ai-cua-google-danh-van-kem-5079348.html
05/31/2026 05:45,tuoitre.vn,thoi-su,'Chuyện lạ' giao thông ở Đà Nẵng; Vạch kẻ xương cá ở Quảng Trị khiến người đi đường lúng túng,"Giao thông tại Đà Nẵng: Dừng đèn đỏ ngay ngắn, ô tô lùi 5m nhường đường xe máy; Vạch kẻ xương cá xuất hiện bất ngờ… là những thông tin bạn đọc quan tâm tuần qua.","",https://tuoitre.vn/chuyen-la-giao-thong-o-da-nang-vach-ke-xuong-ca-o-quang-tri-khien-nguoi-di-duong-lung-tung-20260529221527915.htm
05/31/2026 05:07,tuoitre.vn,thoi-su,"Thời tiết hôm nay 31-5: Nắng nóng quay lại Bắc Bộ, Nam Bộ mưa to","Hôm nay 31-5, thời tiết Bắc Bộ nắng nóng trở lại sau một số ngày có mưa to giảm nhiệt. Nam Bộ và Lâm Đồng là trọng tâm mưa to.","",https://tuoitre.vn/thoi-tiet-hom-nay-31-5-nang-nong-quay-lai-bac-bo-nam-bo-mua-to-20260530155317376.htm
05/31/2026 06:51,tuoitre.vn,the-gioi,Tin tức thế giới 31-5: Mỹ rút lại quy định về thẻ xanh; Ukraine bị tố tấn công nhà máy điện hạt nhân,Mỹ rút lại quy định 'về nước mới được xin cấp thẻ xanh'; Ukraine lại bị tố tấn công nhà máy điện hạt nhân Zaporizhzhia đang do Nga kiểm soát.,"",https://tuoitre.vn/tin-tuc-the-gioi-31-5-my-rut-lai-quy-dinh-ve-the-xanh-ukraine-bi-to-tan-cong-nha-may-dien-hat-nhan-20260531063645333.htm
05/31/2026 07:51,tuoitre.vn,phap-luat,Xem xét xử lý thầy dạy lái sai làn còn thách thức 'Em biết anh không?',"Theo đoạn clip ghi lại, khi cảnh sát dừng xe, anh K.C.T. ngồi trên xe và lớn tiếng hỏi \"em biết anh không?\".","",https://tuoitre.vn/xem-xet-xu-ly-thay-day-lai-sai-lan-con-thach-thuc-em-biet-anh-khong-20260531072528216.htm
05/31/2026 07:45,tuoitre.vn,phap-luat,Hàng trăm nhà thuốc 'mua' giấy phép: Biến quy trình cấp phép thành những cuộc mua bán,"Hàng trăm cơ sở y, dược tư nhân tại Hà Nội đã chi tiền thông qua các môi giới để được cấp phép nhanh hoặc được bỏ qua sai phạm khi thẩm định.","",https://tuoitre.vn/hang-tram-nha-thuoc-mua-giay-phep-bien-quy-trinh-cap-phep-thanh-nhung-cuoc-mua-ban-20260530235926479.htm
05/31/2026 06:09,tuoitre.vn,phap-luat,"Giấy phép lái xe cấp tại Indonesia, có được lái xe tại Việt Nam không?","Tôi là công dân Cộng hòa Belarus, hiện đang quan tâm đến việc sinh sống và di chuyển tại Việt Nam. Tôi có giấy phép lái xe được cấp tại Indonesia, vậy có thể lái xe tại Việt Nam không?","",https://tuoitre.vn/giay-phep-lai-xe-cap-tai-indonesia-co-duoc-lai-xe-tai-viet-nam-khong-20260530233228116.htm
05/31/2026 06:00,tuoitre.vn,kinh-doanh,Tin tức sáng 31-5: Lãi suất liên ngân hàng vút lên rồi hạ nhiệt,"Một số tin tức đáng chú ý: Cảng Đình Vũ sắp chi hàng trăm tỉ đồng trả cổ tức tiền mặt; Bệnh nhi ung thư đón \"Điều kỳ diệu tháng 6\" tại Bệnh viện Ung bướu TP.HCM; Phát hiện phòng khám nha khoa, thẩm mỹ cho người hành nghề 'chui' khám chữa bệnh...","",https://tuoitre.vn/tin-tuc-sang-31-5-lai-suat-lien-ngan-hang-vut-len-roi-ha-nhiet-20260530221646542.htm
05/31/2026 07:30,tuoitre.vn,xe,"'Maserati Grecale không dành cho số đông, đầy thu hút nhưng cũng đỏng đảnh rất Ý'","Yêu xe Ý là học cách bao dung cho vài nét đỏng đảnh, để rồi được đáp lại bằng những rung cảm rất thật sau vô lăng - thứ mà mọi con số thực dụng đều trở nên bất lực khi cố gắng đo đếm.","",https://tuoitre.vn/maserati-grecale-khong-danh-cho-so-dong-day-thu-hut-nhung-cung-dong-danh-rat-y-20260530162739434.htm
05/31/2026 06:00,tuoitre.vn,the-thao,Lịch trực tiếp vòng 25 V-League: Căng thẳng đua trụ hạng,"Sau khi chức vô địch đã ngã ngũ, cuộc đua trụ hạng của V-League 2025-2026 vẫn còn vô cùng căng thẳng.","",https://tuoitre.vn/lich-truc-tiep-vong-25-v-league-cang-thang-dua-tru-hang-20260530154710666.htm
05/31/2026 05:18,tuoitre.vn,the-thao,Thần đồng Philippines được PSG thưởng 1 triệu euro,"Thật khó tin, nhưng ngôi sao mang 2 quốc tịch Philippines - Tây Ban Nha là Dro Fernandez sẽ nhận được khoản thưởng lên đến 1 triệu euro, tương đương 30,6 tỉ đồng nhờ chức vô địch Champions League của PSG.","",https://tuoitre.vn/than-dong-philippines-duoc-psg-thuong-1-trieu-euro-20260531024357411.htm
05/31/2026 05:16,tuoitre.vn,the-thao,Lee Kang In trở thành 'tượng đài mới' của bóng đá châu Á,"Dù không thi đấu phút nào cho PSG ở trận chung kết Champions League 2025 - 2026, Lee Kang In (25 tuổi) vẫn trở thành cầu thủ châu Á đầu tiên vô địch giải đấu này ở hai mùa giải liên tiếp.","",https://tuoitre.vn/lee-kang-in-tro-thanh-tuong-dai-moi-cua-bong-da-chau-a-20260531030725564.htm
05/31/2026 05:11,tuoitre.vn,the-thao,"Công Phượng, Xuân Trường nói gì khi lần đầu có chức vô địch?","Lần đầu tiên trong sự nghiệp, Nguyễn Công Phượng và Lương Xuân Trường đã có chức vô địch cùng CLB Trường Tươi Đồng Nai. Họ đã nói gì?","",https://tuoitre.vn/cong-phuong-xuan-truong-noi-gi-khi-lan-dau-co-chuc-vo-dich-20260531024312265.htm
05/31/2026 05:07,tuoitre.vn,the-thao,HLV Enrique: 'Cả PSG và Arsenal đều xứng đáng vô địch Champions League',HLV Luis Enrique của PSG đã dành rất nhiều lời khen cho Arsenal sau trận chung kết Champions League 2025-2026.,"",https://tuoitre.vn/hlv-enrique-ca-psg-va-arsenal-deu-xung-dang-vo-dich-champions-league-2026053103130878.htm
05/31/2026 05:05,tuoitre.vn,the-thao,PSG là đội thứ 2 trong lịch sử bảo vệ được chức vô địch Champions League,PSG đã trở thành đội bóng thứ 2 sau Real Madrid bảo vệ thành công danh hiệu vô địch Champions League.,"",https://tuoitre.vn/psg-la-doi-thu-2-trong-lich-su-bao-ve-duoc-chuc-vo-dich-champions-league-20260531024718184.htm
05/31/2026 01:27,tuoitre.vn,the-thao,Cái chân đẫm máu của Kvaratskhelia gây sốt ở trận chung kết Champions League,"Ngay khi trận chung kết Champions League còn đang diễn ra, người hâm mộ bóng đá đã không ngừng lan tỏa bức ảnh Kvaratskhelia với cái chân đẫm máu.","",https://tuoitre.vn/cai-chan-dam-mau-cua-kvaratskhelia-gay-sot-o-tran-chung-ket-champions-league-20260531010708616.htm
05/31/2026 00:28,tuoitre.vn,the-thao,CLB Đồng Tháp chia tay sân Cao Lãnh,"Sau chiến thắng 1-0 trước CLB Đại học Văn Hiến ở vòng 21 Giải hạng nhất, CLB Đồng Tháp sẽ tạm thời không thi đấu ở sân Cao Lãnh.","",https://tuoitre.vn/clb-dong-thap-chia-tay-san-cao-lanh-20260531001656579.htm
05/31/2026 00:14,tuoitre.vn,giai-tri,"Hương Giang - Á hậu 2 MGI All Stars 2026: Tôi là người kiên cường, đến đây kể câu chuyện đời mình","Vượt qua 55 người đẹp khác, Vanessa Pulgarin đến từ Colombia giành vương miện MGI All Stars mùa đầu tiên năm 2026. Hương Giang đoạt danh hiệu á hậu 2.","",https://tuoitre.vn/huong-giang-a-hau-2-mgi-all-stars-2026-toi-la-nguoi-kien-cuong-den-day-ke-cau-chuyen-doi-minh-20260530202050755.htm
05/31/2026 06:24,tuoitre.vn,giao-duc,Lần đầu tiên làm chuyện ấy trong lễ trưởng thành,"Rất nhiều học sinh cho biết lần đầu tiên các em ôm ba mẹ mình, lần đầu tiên nói lời cảm ơn, lần đầu tiên khóc trong vòng tay ba mẹ… Những lần đầu tiên ấy diễn ra tại lễ trưởng thành và tri ân ở Trường THPT Nguyễn Hữu Cầu, TP.HCM.","",https://tuoitre.vn/lan-dau-tien-lam-chuyen-ay-trong-le-truong-thanh-20260531054321883.htm
05/31/2026 06:05,tuoitre.vn,giao-duc,Vì sao đề văn thi lớp 10 Hà Nội khiến nhiều giáo viên 'thở phào'?,"Ngữ liệu giàu cảm xúc, câu hỏi gần gũi và cách ra đề đổi mới tiếp tục nhận phản hồi tích cực từ giáo viên lẫn thí sinh sau ngày thi đầu tiên của kỳ tuyển sinh lớp 10 Hà Nội.","",https://tuoitre.vn/vi-sao-de-van-thi-lop-10-ha-noi-khien-nhieu-giao-vien-tho-phao-2026053022021812.htm
05/31/2026 05:20,tuoitre.vn,giao-duc,"Trước kỳ thi lớp 10 TP.HCM, giáo viên chỉ ra loạt lỗi thí sinh hay mắc","Hôm nay 31-5, hơn 150.000 học sinh lớp 9 ở TP.HCM sẽ đến các điểm thi để sinh hoạt quy chế thi và kiểm tra thông tin cá nhân, chuẩn bị cho kỳ thi lớp 10 chính thức diễn ra ngày 1 và 2-6.","",https://tuoitre.vn/truoc-ky-thi-lop-10-tp-hcm-giao-vien-chi-ra-loat-loi-thi-sinh-hay-mac-20260530214748559.htm
05/31/2026 06:00,tuoitre.vn,suc-khoe,Tin tức sáng 31-5: Lãi suất liên ngân hàng vút lên rồi hạ nhiệt,"Một số tin tức đáng chú ý: Cảng Đình Vũ sắp chi hàng trăm tỉ đồng trả cổ tức tiền mặt; Bệnh nhi ung thư đón \"Điều kỳ diệu tháng 6\" tại Bệnh viện Ung bướu TP.HCM; Phát hiện phòng khám nha khoa, thẩm mỹ cho người hành nghề 'chui' khám chữa bệnh...","",https://tuoitre.vn/tin-tuc-sang-31-5-lai-suat-lien-ngan-hang-vut-len-roi-ha-nhiet-20260530221646542.htm
